MSISDN,Network,Date,Product,Amount
27729554427324,'Network 1','12-Mar-2016','Loan Product 1',1000.00
27722342551343,'Network 2','16-Mar-2016','Loan Product 1',1122.00
27725544272422,'Network 3','17-Mar-2016','Loan Product 2',2084.00
27725326345543,'Network 1','18-Mar-2016','Loan Product 2',3098.00
27729234533453,'Network 2','01-Apr-2016','Loan Product 1',5671.00
27723453455453,'Network 3','12-Apr-2016','Loan Product 3',1928.00
27725678534423,'Network 2','15-Apr-2016','Loan Product 3',1747.00
27729554427286,'Network 1','16-Apr-2016','Loan Product 2',1801.00